Workbook

Sheet Dashboard
A1: Puisabpak — Master Label Correction Tracker
A2: รวมประเด็นจากหนังสือแจ้ง อย. (เลขรับ 16050/16051) + ผลตรวจสอบฉลากทั้งไลน์ 13 SKU
A3: อัปเดตล่าสุด: จากบทสนทนา RA/QA — สถานะ ณ ปัจจุบัน
A5: สรุปสถานะ
A6: จำนวนประเด็นทั้งหมด | B6: =COUNTA('Master Issue List'!A2:A12)
A7: พร้อมแก้ไขทันที (ไม่ต้องรอมติ) | B7: =COUNTIF('Master Issue List'!F2:F12,"พร้อมแก้*")
A8: รอผล COA จากซัพพลายเออร์ | B8: =COUNTIF('Master Issue List'!F2:F12,"รอ COA*")
A9: รอมติทีม R&D / ผู้บริหาร | B9: =COUNTIF('Master Issue List'!F2:F12,"รอมติ*")
A10: จำนวน SKU ทั้งหมดในไลน์ | B10: =COUNTA('SKU Compliance Matrix'!A3:A15)
A11: SKU ที่มีอย่างน้อย 1 ประเด็น | B11: =COUNTIF('SKU Compliance Matrix'!K3:K15,">0")
A13: ประเด็นวิกฤตที่ต้องเร่งตัดสินใจ
A14: • #1 ชื่อ สบ.8 — อย. ระบุชัดว่าต้องแก้ก่อนรายการอื่นทั้งหมด (Blocking)
A15: • #9 ธง "เจ" (PSP90, PSP07) ขัดแย้งคำเตือนกุ้ง/ปลา — ยืนยันแล้วว่าไลน์เห็ดหอมใช้ร่วมกับ 5 SKU ที่มีปลาจริง
A16: • #7 หล่อฮังก๊วย เป็นวัตถุเจือปนที่ยังไม่ได้รับอนุญาต — กระทบ 3 SKU (PSP17, PSP05, PSP89)

Sheet Master Issue List
A1: ID | B1: ประเด็น | C1: ประเภท | D1: SKU ที่กระทบ | E1: จำนวน SKU | F1: สถานะ | G1: Owner | H1: Next Action | I1: อ้างอิงกฎหมาย / หมายเหตุ
A2: 1 | B2: ชื่ออาหารไทย-อังกฤษไม่ตรงกัน (สบ.8) | C2: Blocking | D2: PSP17, PSP05 | E2: 2 | F2: รอมติชื่อ | G2: RA + ผู้บริหาร | H2: เลือกรูปแบบชื่อ A หรือ B แล้วยื่นแก้ สบ.8 ก่อนเป็นลำดับแรก | I2: อย. ระบุชัดว่าต้องแก้ข้อนี้ก่อนพิจารณารายการอื่น
A3: 2 | B3: ฉลากต้องแสดงชื่อไทย+อังกฤษตรงกับ สบ.8 ที่แก้แล้ว | C3: Dependent (รอข้อ 1) | D3: PSP17, PSP05 | E3: 2 | F3: รอผลข้อ 1 | G3: กราฟิก | H3: นำชื่อที่ยืนยันจากข้อ 1 มาใส่ในฉลาก | I3: -
A4: 3 | B4: ชื่อผู้ผลิตใช้รูปแบบย่อ "บจก. พระจันทร์ ๕๐" ไม่ใช่ชื่อเต็ม | C4: Direct Fix | D4: ทั้ง 13 SKU (ทุกฉลากในไลน์) | E4: 13 | F4: พร้อมแก้ทันที | G4: กราฟิก | H4: แก้เป็น "บริษัท พระจันทร์๕๐ จำกัด" ทุกฉลากพร้อมกัน (แก้ template เดียวใช้ได้ทั้งหมด) | I4: อย. ยืนยันแล้วว่าต้องใช้ชื่อเต็มตามนิติบุคคล
A5: 4 | B5: หัวข้อ "(Ingredients)" มีคำอังกฤษแต่รายการเป็นไทยล้วน | C5: Direct Fix | D5: PSP17, PSP05 | E5: 2 | F5: พร้อมแก้ทันที | G5: กราฟิก | H5: ตัด "(Ingredients)" ออก เหลือ "ส่วนประกอบสำคัญ" อย่างเดียว | I5: -
A6: 5 | B6: น้ำมันมะกอก "extra light" ไม่ตรงชนิดตามประกาศฯ 421 | C6: รอ COA | D6: PSP17, PSP05 | E6: 2 | F6: รอ COA | G6: ฝ่ายจัดซื้อ / R&D | H6: เช็คเกรดน้ำมันมะกอกที่ใช้จริงเทียบบัญชีหมายเลข 1 แล้วแก้เป็นชื่อไทยที่ถูกต้อง | I6: ประกาศกระทรวงสาธารณสุขฯ 421 เรื่องน้ำมันและไขมัน
A7: 6 | B7: เกลือต้องระบุสถานะไอโอดีน (พบ 7 SKU ใช้เกลือหลายชนิด) | C7: รอ COA | D7: PSP17, PSP05, PSP89, PSP12, PSP04, PSP90, PSP18 | E7: 7 | F7: รอ COA | G7: ฝ่ายจัดซื้อ | H7: ขอ COA เกลือทุกชนิดที่ใช้ในไลน์ (เกลือหิมาลายัน / ดอกเกลือ / เกลือ) ในรอบเดียว | I7: ประกาศเกลือบริโภค — เสริมไอโอดีนระบุชื่อเฉยๆ / ไม่เสริมต้องมีข้อความเตือนเพิ่ม
A8: 7 | B8: น้ำตาลหล่อฮังก๊วย เป็นวัตถุเจือปนที่ยังไม่ได้รับอนุญาต | C8: รอมติทีม | D8: PSP17, PSP05, PSP89 | E8: 3 | F8: รอมติทีม | G8: R&D + ผู้บริหาร | H8: ตัดสินใจ: ยื่นประเมินวัตถุเจือปนอาหาร (ใช้เวลานาน) vs เปลี่ยนสูตรใช้สารให้ความหวานที่ได้รับอนุญาตแล้ว | I8: กระทบทั้ง Chilli Olive Oil ทั้ง 2 สูตร + Chilli Sesame Oil
A9: 8 | B9: VEGETARIAN FOOD ไม่มีคำแปลไทยกำกับ | C9: ผสม | D9: PSP17, PSP05 (อนุมัติแล้ว) / PSP89, PSP04, PSP90 (รอทำ) | E9: 4 | F9: บางส่วนเสร็จ | G9: กราฟิก | H9: PSP17/PSP05: เติม "อาหารมังสวิรัติ" ตามมติผู้บริหารแล้ว รอใส่ในไฟล์แก้ไขจริง | PSP89/PSP04/PSP90: ยังไม่ได้ดำเนินการ ต้องเติมแบบเดียวกัน | I9: ห้ามใช้คำว่า "เจ" เด็ดขาดถ้าสูตรมีหอมแดง/กระเทียม
A10: 9 | B10: ธง "เจ" ขัดแย้งกับคำเตือนภูมิแพ้กุ้ง/ปลา | C10: รอมติผู้บริหาร (วิกฤต) | D10: PSP90, PSP07 | E10: 2 | F10: รอมติ — มีหลักฐานยืนยันความเสี่ยงจริง | G10: R&D/ฝ่ายผลิต + ผู้บริหาร | H10: ตัดสินใจคง/ถอด claim เจ โดยพิจารณาหลักฐานที่ยืนยันแล้วว่าไลน์ผลิตเห็ดหอมใช้ร่วมกับ 5 SKU ที่มีปลา | I10: เจ เข้มงวดกว่ามังสวิรัติมาก + มีข้อมูล Raw Material Master Data ยืนยัน cross-contact จริง ไม่ใช่แค่สงสัย
A11: 10 | B11: ส่งแบบฉลากแก้ไข + บัญชีข้อความ กลับอีเมล อย. | C11: Process Step | D11: PSP17, PSP05 | E11: 2 | F11: รอข้อ 1, 5, 6, 7 เสร็จก่อน | G11: RA | H11: รวมแพคเกจฉลากที่แก้ไขสมบูรณ์ทั้งหมดแล้วส่งในรอบเดียว | I11: -
A12: 11 | B12: ค่าธรรมเนียมหารือฉลากโภชนาการ/GDA 6,000 บาท (2 ผลิตภัณฑ์) | C12: รอมติผู้บริหาร | D12: PSP17, PSP05 | E12: 2 | F12: รอมติ | G12: ผู้บริหาร / CEO | H12: เลือก: ชำระเงินรับหนังสือตอบทางการ vs ไม่ชำระ+แก้เอง+ส่งหนังสือแจ้งเลิกการหารือ | I12: -

Sheet SKU Compliance Matrix
A1: SKU Compliance Matrix — 13 SKU x 8 ประเด็น
A2: SKU | B2: ชื่อผลิตภัณฑ์ | C2: #3 ชื่อผู้ผลิตเต็ม | D2: #1 ชื่อ สบ.8 ไม่ตรง | E2: #4 หัวข้อ (Ingredients) | F2: #5 น้ำมันมะกอก extra light | G2: #6 เกลือ-ไอโอดีน | H2: #7 หล่อฮังก๊วย | I2: #8 VEGETARIAN FOOD ไทย | J2: #9 ธงเจ ขัดแย้ง | K2: รวมประเด็น (ไม่รวม #3)
A3: PSP01 | B3: Ground Pork Chilli Paste | C3: 1 | D3: 0 | E3: 0 | F3: 0 | G3: 0 | H3: 0 | I3: 0 | J3: 0 | K3: =SUM(D3:J3)
A4: PSP02 | B4: Grilled Fish Chilli Paste | C4: 1 | D4: 0 | E4: 0 | F4: 0 | G4: 0 | H4: 0 | I4: 0 | J4: 0 | K4: =SUM(D4:J4)
A5: PSP04 | B5: Shiitake Mushroom (มังสวิรัติ) | C5: 1 | D5: 0 | E5: 0 | F5: 0 | G5: 1 | H5: 0 | I5: 1 | J5: 0 | K5: =SUM(D5:J5)
A6: PSP05 | B6: Chilli Olive Oil — สูตรเผ็ด | C6: 1 | D6: 1 | E6: 1 | F6: 1 | G6: 1 | H6: 1 | I6: 1 | J6: 0 | K6: =SUM(D6:J6)
A7: PSP07 | B7: Shiitake Mushroom (สูตรเจ) | C7: 1 | D7: 0 | E7: 0 | F7: 0 | G7: 0 | H7: 0 | I7: 0 | J7: 1 | K7: =SUM(D7:J7)
A8: PSP12 | B8: Spicy Mackerel Chilli Paste | C8: 1 | D8: 0 | E8: 0 | F8: 0 | G8: 1 | H8: 0 | I8: 0 | J8: 0 | K8: =SUM(D8:J8)
A9: PSP14 | B9: Shrimp Red Hot Chilli Paste | C9: 1 | D9: 0 | E9: 0 | F9: 0 | G9: 0 | H9: 0 | I9: 0 | J9: 0 | K9: =SUM(D9:J9)
A10: PSP15 | B10: Ground Roasted Chili 100% | C10: 1 | D10: 0 | E10: 0 | F10: 0 | G10: 0 | H10: 0 | I10: 0 | J10: 0 | K10: =SUM(D10:J10)
A11: PSP17 | B11: Chilli Olive Oil — สูตรปกติ | C11: 1 | D11: 1 | E11: 1 | F11: 1 | G11: 1 | H11: 1 | I11: 1 | J11: 0 | K11: =SUM(D11:J11)
A12: PSP18 | B12: Pickled Fish Chilli Paste | C12: 1 | D12: 0 | E12: 0 | F12: 0 | G12: 1 | H12: 0 | I12: 0 | J12: 0 | K12: =SUM(D12:J12)
A13: PSP80 | B13: Nam Pla Whan Sab | C13: 1 | D13: 0 | E13: 0 | F13: 0 | G13: 0 | H13: 0 | I13: 0 | J13: 0 | K13: =SUM(D13:J13)
A14: PSP89 | B14: Chilli Sesame Oil | C14: 1 | D14: 0 | E14: 0 | F14: 0 | G14: 1 | H14: 1 | I14: 1 | J14: 0 | K14: =SUM(D14:J14)
A15: PSP90 | B15: Olive Nut Crunch | C15: 1 | D15: 0 | E15: 0 | F15: 0 | G15: 1 | H15: 0 | I15: 1 | J15: 1 | K15: =SUM(D15:J15)
B16: รวม SKU ที่กระทบต่อประเด็น | C16: =SUM(C3:C15) | D16: =SUM(D3:D15) | E16: =SUM(E3:E15) | F16: =SUM(F3:F15) | G16: =SUM(G3:G15) | H16: =SUM(H3:H15) | I16: =SUM(I3:I15) | J16: =SUM(J3:J15)
